Timestamp,"I confirm that I have read the participant information, understand the study's purpose, and voluntarily consent to participate.",Which category best describes your current enrollment status and duration of residence at your university in Germany?,What is your age?,What is your gender identity?,What is your current level of academic study?,Which of the following broad categories best encompasses your primary academic field of study?,What is your current living situation?,How often do you feel overwhelmed by your perceived workload and university expectations?,How often do you feel isolated or misunderstood due to language barriers or cultural differences in your university environment?,How often do you experience significant worry regarding your financial situation or living costs?,"Overall, how frequently do academic or environmental stressors disrupt your general sleep quality or sleep regularity?","Overall, how often do you find your daily functioning or academic focus impaired by mental exhaustion or an inability to concentrate?","In general, how often do you intentionally avoid social contact with friends, family, or peers when feeling stressed?","On a scale from 0 to 10, how would you rate your general, overall level of academic and emotional burden?",My text messages and digital responses become noticeably shorter and less frequent.,The vocabulary I use in written communication becomes more negative or passive.,"My speaking voice changes noticeably (e.g., sounding flat, monotone, or physically strained).",I show less facial expression and make less eye contact during video calls or in-person interactions.,I have a strong understanding of how Artificial Intelligence tools process digital data.,I would feel comfortable allowing an automated system to analyze the tone of my communication if the data remained strictly anonymous.,I would be more willing to share text-based data with a well-being AI than voice or video data.,I would only trust the AI's screening result if it provided a clear explanation of why it flagged a risk.,I require a human counselor to review the AI's findings before any supportive action or notification is triggered.,"If an AI screening tool were to identify a potential well-being risk, which format of feedback would you find most trustworthy and actionable?","If an AI flags me as being at high risk for stress, the most important feature of the system is that it suggests a concrete,
actionable next step (e.g., booking a counselor) rather than just showing me analytical data.","When considering the deployment of an early-screening AI tool, which of the following system errors would you consider to be more acceptable?","In your own words, between text messaging, voice calls, and facial expressions, which medium do you feel most clearly gives away your true emotional state to others, and why?","What are your primary ethical, privacy, or practical concerns regarding the integration of AI tools for student mental health screening at your university?"
7/23/2026 13:56:23,Yes,Enrolled as an international student (Residing in Germany for 1–2 years),23,Male,"Postgraduate (Master's, PhD, or State Examination)","STEM (Science, Technology, Engineering, and Math)",With roommates/dorm,4,4,5,3,3,5,9,5,5,4,4,5,5,1,5,4,I prefer no direct feedback; the alert should exclusively notify a trained counselor.,5,System undersensitivity: The AI fails to flag you when you are genuinely experiencing high stress.,"For me that would be Facial expressions, as I can not hold a straight face when I'm in stress.  ",AI systems flagging me for having stressful semester is acceptable but if the reason is personal and I don't want to share it with any person or counselor I need an alternative that will help me express myself while still maintaining my anonymous profile!
7/23/2026 14:15:55,Yes,Enrolled as an international student (Residing in Germany for > 2 years),23,Male,"Postgraduate (Master's, PhD, or State Examination)","STEM (Science, Technology, Engineering, and Math)",With family/partner,3,1,5,4,4,4,4,3,3,4,3,3,4,3,4,3,"A brief text summary (e.g., ""Your stress markers appear elevated today"").",4,System oversensitivity: The AI incorrectly flags you as highly stressed when you are managing well.,voice calls because you can hide your tears ,na
7/23/2026 14:21:19,Yes,Enrolled as an international student (Residing in Germany for < 6 months),22,Female,Undergraduate (Bachelor's or equivalent),"STEM (Science, Technology, Engineering, and Math)",With roommates/dorm,4,2,4,2,2,2,3,3,1,1,3,5,5,3,5,2,A longitudinal trend graph visualizing your stress patterns over the semester.,5,System oversensitivity: The AI incorrectly flags you as highly stressed when you are managing well.,Recations while performing certioj actions or task,It should be able to interpret the state of mind of the student 
7/23/2026 14:56:09,Yes,Enrolled as an international student (Residing in Germany for 1–2 years),23,Male,"Postgraduate (Master's, PhD, or State Examination)",Business and Economics,With roommates/dorm,4,1,4,3,3,2,2,4,2,3,1,4,4,4,4,1,"A visual dashboard detailing the contributing factors (e.g., 60% driven by vocal strain, 40% by communication brevity).",4,System oversensitivity: The AI incorrectly flags you as highly stressed when you are managing well.,"Voice calls, so that I can convey my words in a more good way","Algorithmic bias: Screening tools may systematically misdiagnose minority student populations due to unrepresentative training data.

Data security: Sensitive psychological profiles risk exposure through data breaches or commercial exploitation.

Surveillance culture: Continuous digital monitoring fosters an environment of student distrust and anxiety.

Resource strain: High rates of false positives can instantly overwhelm already understaffed counseling centers.

Liability gaps: Ambiguity remains regarding legal accountability when an AI fails to detect severe distress."
7/23/2026 15:02:31,Yes,Enrolled as an international student (Residing in Germany for 1–2 years),25,Male,"Postgraduate (Master's, PhD, or State Examination)","STEM (Science, Technology, Engineering, and Math)",With roommates/dorm,3,4,4,4,3,1,3,4,4,4,3,5,3,5,4,2,"A visual dashboard detailing the contributing factors (e.g., 60% driven by vocal strain, 40% by communication brevity).",4,System undersensitivity: The AI fails to flag you when you are genuinely experiencing high stress.,Facial expressions ,Privacy
7/23/2026 15:12:51,Yes,Enrolled as an international student (Residing in Germany for 1–2 years),24,Male,"Postgraduate (Master's, PhD, or State Examination)","STEM (Science, Technology, Engineering, and Math)",With roommates/dorm,3,3,4,4,2,1,0,5,3,4,3,4,4,1,3,5,"A visual dashboard detailing the contributing factors (e.g., 60% driven by vocal strain, 40% by communication brevity).",4,System oversensitivity: The AI incorrectly flags you as highly stressed when you are managing well.,.,.
7/23/2026 16:32:02,Yes,Enrolled as an international student (Residing in Germany for > 2 years),24,Female,"Postgraduate (Master's, PhD, or State Examination)","STEM (Science, Technology, Engineering, and Math)",Alone,4,5,3,1,4,5,8,3,1,5,1,5,3,4,4,4,"A visual dashboard detailing the contributing factors (e.g., 60% driven by vocal strain, 40% by communication brevity).",5,System undersensitivity: The AI fails to flag you when you are genuinely experiencing high stress.,Facial expressions ,Privacy concerns 
7/23/2026 16:41:09,Yes,Enrolled as an international student (Residing in Germany for 1–2 years),23,Female,"Postgraduate (Master's, PhD, or State Examination)","STEM (Science, Technology, Engineering, and Math)",Alone,5,5,5,4,4,2,7,5,5,5,5,5,5,5,5,5,"A visual dashboard detailing the contributing factors (e.g., 60% driven by vocal strain, 40% by communication brevity).",5,System undersensitivity: The AI fails to flag you when you are genuinely experiencing high stress.,Voice calls,"It should be safe for students, should not expose any personal information of an individual "
7/23/2026 17:05:58,Yes,Enrolled as an international student (Residing in Germany for 1–2 years),23,Male,"Postgraduate (Master's, PhD, or State Examination)","STEM (Science, Technology, Engineering, and Math)",Alone,1,2,4,5,5,5,0,5,2,4,4,4,4,5,5,5,A longitudinal trend graph visualizing your stress patterns over the semester.,5,System undersensitivity: The AI fails to flag you when you are genuinely experiencing high stress.,People never notice that I'm stressed. Either they are blind or I'm good at hiding. But i feel my eyes give away my true emotional state. Eyes never lie. ,I don't want AI to know about my pathetic side and share those data for training and improving purposes. 
7/23/2026 23:03:43,Yes,Enrolled as an international student (Residing in Germany for 1–2 years),23,Female,"Postgraduate (Master's, PhD, or State Examination)","STEM (Science, Technology, Engineering, and Math)",With family/partner,3,3,3,4,3,4,3,4,1,3,3,4,3,3,4,3,A longitudinal trend graph visualizing your stress patterns over the semester.,5,System oversensitivity: The AI incorrectly flags you as highly stressed when you are managing well.,Text messages and voice calls because over texts i reply late and short and voice i sometimes get frustrated and need to vent out or clear my head with my close ones. ,Data Breach and data retention 
7/25/2026 10:30:38,Yes,Enrolled as an international student (Residing in Germany for 6–12 months),23,Male,"Postgraduate (Master's, PhD, or State Examination)","STEM (Science, Technology, Engineering, and Math)",With roommates/dorm,3,1,4,3,4,5,5,5,3,4,4,5,3,5,4,5,A longitudinal trend graph visualizing your stress patterns over the semester.,5,System undersensitivity: The AI fails to flag you when you are genuinely experiencing high stress.,Facial expressions and in person conversations. Easier and naturally expressed.,Data privacy and sharing. Anonymity of the person. The AI maybe not understanding or being able to provide an apt solution.
7/25/2026 21:51:40,Yes,Enrolled as an international student (Residing in Germany for 6–12 months),25,Male,"Postgraduate (Master's, PhD, or State Examination)","STEM (Science, Technology, Engineering, and Math)",With roommates/dorm,2,2,1,4,2,3,1,4,3,4,5,5,1,1,1,5,"A visual dashboard detailing the contributing factors (e.g., 60% driven by vocal strain, 40% by communication brevity).",1,System undersensitivity: The AI fails to flag you when you are genuinely experiencing high stress.,"Face to face conversations are better for understanding body language cues and hence are better for a trained professional who can read people. People are more ""open"" over text because of a false sense of courage the modern generation has acquired because of digital media.","Data safety is important as this data can easily be used to profile people. This practise has been common over the decades by various organisations. People are not too difficult to read by trained professionals, and hence, can easily be profiled. Hence, video and voice data must be encrypted properly as these can be easily mis-used."
7/27/2026 9:38:59,Yes,Enrolled as an international student (Residing in Germany for > 2 years),30,Female,"Postgraduate (Master's, PhD, or State Examination)","STEM (Science, Technology, Engineering, and Math)",With family/partner,3,1,1,2,2,1,3,3,2,4,3,5,2,4,5,5,I prefer no direct feedback; the alert should exclusively notify a trained counselor.,5,System oversensitivity: The AI incorrectly flags you as highly stressed when you are managing well.,Probably facial expressions because it's hard to hide it well.,We lose the human connection required to make people feel better when they are overwhelmed or are n a bad mental state. 
7/27/2026 9:39:59,Yes,Enrolled as a domestic student (German citizen or educational resident),25,Female,"Postgraduate (Master's, PhD, or State Examination)",Social Sciences,With roommates/dorm,2,1,3,4,2,1,1,4,2,1,1,3,1,4,4,4,"A simple binary alert (e.g., ""High Risk"" vs. ""Low Risk"").",5,System undersensitivity: The AI fails to flag you when you are genuinely experiencing high stress.,voice calls because it is more difficult to hide the state your in ,data leaks
7/27/2026 12:39:41,Yes,Enrolled as an international student (Residing in Germany for > 2 years),23,Female,"Postgraduate (Master's, PhD, or State Examination)","STEM (Science, Technology, Engineering, and Math)",With roommates/dorm,4,3,5,4,4,3,8,3,2,4,4,2,2,4,3,3,"A visual dashboard detailing the contributing factors (e.g., 60% driven by vocal strain, 40% by communication brevity).",2,System oversensitivity: The AI incorrectly flags you as highly stressed when you are managing well.,voice calls and facial expressions due to the immediate response to stimuli and less masking possible,how the data will be handled (will it stay on uni servers?)
8/2/2026 12:57:39,Yes,Enrolled as an international student (Residing in Germany for 1–2 years),29,Female,"Postgraduate (Master's, PhD, or State Examination)","STEM (Science, Technology, Engineering, and Math)",Alone,5,5,5,5,5,5,7,5,3,4,2,4,2,2,1,4,"A brief text summary (e.g., ""Your stress markers appear elevated today"").",3,System undersensitivity: The AI fails to flag you when you are genuinely experiencing high stress.,Facial expressions ,"Student mental health data is highly sensitive, so it is important that any AI screening system has strong data protection measures, transparent policies about how information is used, and explicit student consent."
8/4/2026 21:20:19,Yes,Enrolled as a domestic student (German citizen or educational resident),29,Female,"Postgraduate (Master's, PhD, or State Examination)","STEM (Science, Technology, Engineering, and Math)",Alone,4,2,5,3,2,4,6,3,2,3,2,4,1,4,2,1,"A visual dashboard detailing the contributing factors (e.g., 60% driven by vocal strain, 40% by communication brevity).",1,System oversensitivity: The AI incorrectly flags you as highly stressed when you are managing well.,voice calls,privacy since the stress might be due to factors outside of university and I do not really understand why the university should use such a tool instead of asking the students themselves how stressed they feel (letting alone the question why they should collect such data at all)
8/8/2026 10:33:50,No,,,,,,,,,,,,,,,,,,,,,,,,,,,
8/8/2026 10:34:19,No,,,,,,,,,,,,,,,,,,,,,,,,,,,
8/8/2026 10:34:40,Yes,Enrolled as an international student (Residing in Germany for 1–2 years),24,Female,"Postgraduate (Master's, PhD, or State Examination)","STEM (Science, Technology, Engineering, and Math)",With roommates/dorm,3,1,4,5,5,1,0,1,4,3,5,5,5,3,4,4,"A brief text summary (e.g., ""Your stress markers appear elevated today"").",5,System undersensitivity: The AI fails to flag you when you are genuinely experiencing high stress.,Voice calls,CHAT GPT
8/8/2026 10:43:01,Yes,Enrolled as an international student (Residing in Germany for > 2 years),30,Male,"Postgraduate (Master's, PhD, or State Examination)",Business and Economics,With roommates/dorm,3,4,4,4,3,5,8,2,3,4,3,4,4,3,2,4,"A visual dashboard detailing the contributing factors (e.g., 60% driven by vocal strain, 40% by communication brevity).",4,System oversensitivity: The AI incorrectly flags you as highly stressed when you are managing well.,All,All
8/8/2026 11:03:54,Yes,Enrolled as an international student (Residing in Germany for 1–2 years),24,Male,"Postgraduate (Master's, PhD, or State Examination)","STEM (Science, Technology, Engineering, and Math)",With roommates/dorm,3,3,3,3,3,3,3,3,3,3,3,3,3,3,3,3,A longitudinal trend graph visualizing your stress patterns over the semester.,3,System oversensitivity: The AI incorrectly flags you as highly stressed when you are managing well.,Facial expressions ,None
8/24/2026 16:31:31,Yes,Enrolled as an international student (Residing in Germany for > 2 years),22,Male,Undergraduate (Bachelor's or equivalent),"STEM (Science, Technology, Engineering, and Math)",With roommates/dorm,2,2,5,5,3,4,8,4,3,3,3,5,5,5,3,4,"A visual dashboard detailing the contributing factors (e.g., 60% driven by vocal strain, 40% by communication brevity).",5,System oversensitivity: The AI incorrectly flags you as highly stressed when you are managing well.,Text messages,Shouldn't directly inform anyone. Should only inform the student. 
9/24/2026 16:24:54,Yes,Enrolled as an international student (Residing in Germany for > 2 years),28,Female,"Postgraduate (Master's, PhD, or State Examination)",DVM,With family/partner,4,2,4,4,4,3,9,2,2,2,2,4,1,3,3,4,"A brief text summary (e.g., ""Your stress markers appear elevated today"").",4,System oversensitivity: The AI incorrectly flags you as highly stressed when you are managing well.,"Only the amount of interest that is shown by me, equally for voice calls and in messaging. ","I greatly worry students will see these as black and white answers, which may put them at harm. If they get an error saying that they are disadvantaged due to stress when it’s an error, they may have a self-fulfilling prophecy ahead. If it doesn’t show the stress level or a very stressed student, the distress may be hidden until it’s too late, and before any accommodations could be arranged. Making them more hesitant to get help from human professionals in fear their problems may also be dismissed, when actually a human may be more likely to discern the issue. 

And it may guide the screening tool into the direction the student thinks is most useful to them, for whichever reason. "
9/25/2026 21:05:24,Yes,Enrolled as a domestic student (German citizen or educational resident),24,Non-binary,"Postgraduate (Master's, PhD, or State Examination)",Humanities and Arts,Alone,4,3,5,5,4,5,9,5,5,5,4,1,3,4,5,5,"A brief text summary (e.g., ""Your stress markers appear elevated today"").",4,System undersensitivity: The AI fails to flag you when you are genuinely experiencing high stress.,Voice ,Data privacy 
9/25/2026 21:18:21,Yes,Enrolled as a domestic student (German citizen or educational resident),24,Male,"Postgraduate (Master's, PhD, or State Examination)","STEM (Science, Technology, Engineering, and Math)",With family/partner,3,4,2,3,3,3,7,3,2,4,4,4,1,4,3,5,"A brief text summary (e.g., ""Your stress markers appear elevated today"").",2,System undersensitivity: The AI fails to flag you when you are genuinely experiencing high stress.,FAICIAL CALLS ALLOW ALL ASPECT OF WELL BEING TO BE OBSEREVED SO IT USALLY TENDS TO GIVE AWAY MY FEELINGS,I FEEL IT IS A GOOD TOOL BUT NOT  A REPLACEMENT TO HUMAN INTERVENSION
9/25/2026 21:23:18,Yes,Enrolled as a domestic student (German citizen or educational resident),18,Female,Undergraduate (Bachelor's or equivalent),Humanities and Arts,Alone,4,4,3,4,4,4,8,5,5,5,5,1,3,2,4,5,A longitudinal trend graph visualizing your stress patterns over the semester.,5,System oversensitivity: The AI incorrectly flags you as highly stressed when you are managing well.,i tend to have hard time communicating while being stressed which makes me not pleasant to socialize which just leads more stress ,i feel ai is scary as it my leak which makes me anxious and makes me stressed 
9/25/2026 21:29:03,Yes,Enrolled as a domestic student (German citizen or educational resident),27,Female,"Postgraduate (Master's, PhD, or State Examination)",Business and Economics,With family/partner,3,2,3,3,3,2,2,4,1,3,3,1,1,5,1,5,"A brief text summary (e.g., ""Your stress markers appear elevated today"").",3,System oversensitivity: The AI incorrectly flags you as highly stressed when you are managing well.,i feel that ai is not a good technology  for mental health as it usually takes useless  steps to conclude something i might not even have ,leaks of data and my personal info getting shared makes me not trust ai i do not support ai but actually support to going to therapy 
9/25/2026 21:33:52,Yes,Enrolled as a domestic student (German citizen or educational resident),22,Male,Undergraduate (Bachelor's or equivalent),"STEM (Science, Technology, Engineering, and Math)",Alone,1,3,4,2,3,4,1,3,3,3,3,4,2,2,2,1,"A visual dashboard detailing the contributing factors (e.g., 60% driven by vocal strain, 40% by communication brevity).",3,System undersensitivity: The AI fails to flag you when you are genuinely experiencing high stress.,facial expressions are a dead give away for my mental well being,yes my concern is that the parameter set of ai may not be applicable to me and sharing personal info might come high price as if my mental status could be sold on the dark web 